﻿{"cameraMode":{"drawMode":0,"name":"Shaded","section":"Shading Mode"},"sceneLighting":false,"audioPlay":false,"sceneViewState":{"showFog":true,"showMaterialUpdate":true,"showSkybox":false,"showFlares":true,"showImageEffects":true,"showParticleSystems":true},"in2DMode":false,"pivot":{"x":4.021017551422119,"y":3.8728020191192629,"z":-7.898713111877441},"rotation":{"x":-0.17231804132461549,"y":0.21009424328804017,"z":-0.0376473143696785,"w":-0.9616390466690064},"size":2.9940147399902345,"orthographic":false}